party,gen_t
democrat,0.534109878950199
other,0.017442441941695926
republican,0.4483965418966496
